League,Year,position,Team,matches,wins,draws,loses,scored,pts,xG,xGA,%LoseR,%DrawR,Shots,Yellow,Red,Fouls,S_OnTarget
La_liga,2014,1,Barcelona,38,30,4,4,110,94,102.980152,28.4442927,0.25,0.714285714,626,66,3,369,273
La_liga,2014,2,Real Madrid,38,30,2,6,118,92,95.766243,42.607198,0,0.607142857,688,85,3,407,282
La_liga,2014,3,Atletico Madrid,38,23,9,6,67,78,57.04767,29.0691071,0.166666667,0.261363636,438,109,5,543,187
La_liga,2014,4,Valencia,38,22,11,5,70,77,55.0625,39.392572,0.25,0.452380952,439,101,9,566,159
La_liga,2014,5,Sevilla,38,23,7,8,71,76,69.526624,47.862742,0.166666667,0.666666667,455,115,2,604,181
La_liga,2014,6,Villarreal,38,16,12,10,48,60,56.767999,40.701813,0.125,0.326923077,508,94,2,526,178
La_liga,2014,7,Athletic Club,38,15,10,13,42,55,45.5421507,44.1067075,0.0625,0.2875,441,96,4,529,147
La_liga,2014,8,Celta Vigo,38,13,12,13,47,51,58.887332,51.777138,0,0.571428571,496,115,5,586,166
La_liga,2014,9,Malaga,38,14,8,16,42,50,46.221008,54.130818,0.198412698,0.214285714,457,101,8,558,165
La_liga,2014,10,Rayo Vallecano,38,15,4,19,46,49,47.790696,70.43346,0.083333333,0.476190476,493,106,6,554,172
La_liga,2014,11,Espanyol,38,13,10,15,47,49,43.979193,48.3039158,0,0.25,381,116,6,614,140
La_liga,2014,12,Real Sociedad,38,11,13,14,44,46,33.485197,51.158118,0,0.270833333,427,88,1,512,132
La_liga,2014,13,Elche,38,11,8,19,35,41,39.610853,58.07177,0,0.125,408,102,6,584,129
La_liga,2014,14,Getafe,38,10,7,21,33,37,33.9685805,53.673382,0,0.264285714,420,93,4,541,144
La_liga,2014,15,Levante,38,9,10,19,34,37,35.3017053,60.270317,0.083333333,0.225,403,107,3,557,102
La_liga,2014,16,Deportivo La Coruna,38,7,14,17,35,35,37.8712378,50.9793042,0,0.118055556,397,103,4,562,131
La_liga,2014,17,Granada,38,7,14,17,29,35,37.3872751,54.283784,0.1,0.266666667,403,111,5,572,127
La_liga,2014,18,Eibar,38,9,8,21,34,35,29.5601069,53.717962,0,0.166666667,357,103,5,569,124
La_liga,2014,19,Almeria,38,8,8,22,35,32,38.6699445,58.866805,0.041666667,0.166666667,395,105,11,562,119
La_liga,2014,20,Cordoba,38,3,11,24,22,20,29.7645145,57.339776,0,0,395,93,9,494,122
La_liga,2015,1,Barcelona,38,29,4,5,112,91,113.59827,34.0290901,0,0.714285714,604,66,1,382,267
La_liga,2015,2,Real Madrid,38,28,6,4,110,90,90.454148,45.233782,0.166666667,0.366666667,710,68,5,422,290
La_liga,2015,3,Atletico Madrid,38,28,4,6,63,88,54.927365,27.797052,0,0.725,480,88,3,505,166
La_liga,2015,4,Villarreal,38,18,10,10,44,64,40.488814,41.630788,0.142857143,0.4,342,96,4,519,132
La_liga,2015,5,Athletic Club,38,18,8,12,58,62,53.896614,45.326224,0,0.535714286,454,83,6,501,163
La_liga,2015,6,Celta Vigo,38,17,9,12,51,60,50.20347,51.9817258,0.083333333,0.1875,444,109,7,529,155
La_liga,2015,7,Sevilla,38,14,10,14,51,52,62.970634,46.0882856,0.1,0.5,460,95,8,557,182
La_liga,2015,8,Malaga,38,12,12,14,38,48,45.751884,45.254606,0.0625,0.225,448,103,5,552,166
La_liga,2015,9,Real Sociedad,38,13,9,16,45,48,47.947144,48.036505,0,0.233333333,457,104,5,464,157
La_liga,2015,10,Real Betis,38,11,12,15,34,45,40.1124551,64.394609,0.083333333,0.321428571,392,104,5,491,125
La_liga,2015,11,Valencia,38,11,11,16,46,44,50.508099,61.685717,0,0.21969697,396,101,7,566,138
La_liga,2015,12,Las Palmas,38,12,8,18,45,44,38.676393,59.2368153,0.071428571,0.25,419,95,4,466,164
La_liga,2015,13,Espanyol,38,12,7,19,40,43,46.09186,60.842278,0.083333333,0.380952381,388,120,5,653,144
La_liga,2015,14,Eibar,38,11,10,17,49,43,52.916666,50.580983,0,0.3,419,103,4,593,153
La_liga,2015,15,Deportivo La Coruna,38,8,18,12,45,42,43.747087,52.374037,0,0.071428571,451,80,4,401,156
La_liga,2015,16,Sporting Gijon,38,10,9,19,40,39,42.5678716,60.616727,0.1,0.198412698,371,98,6,524,122
La_liga,2015,17,Granada,38,10,9,19,46,39,41.353233,62.37492,0,0.242857143,429,133,7,585,130
La_liga,2015,18,Rayo Vallecano,38,9,11,18,52,38,52.2594408,65.088957,0,0.1,501,108,10,546,179
La_liga,2015,19,Getafe,38,9,9,20,37,36,41.773186,63.348645,0.035714286,0.236111111,432,122,6,531,144
La_liga,2015,20,Levante,38,8,8,22,37,32,39.2222133,63.545101,0,0.3125,433,126,7,548,143
La_liga,2016,1,Real Madrid,38,29,6,3,106,93,90.86641,36.862559,0,0.5,661,72,2,425,265
La_liga,2016,2,Barcelona,38,28,6,4,116,90,93.551594,31.3156633,0.25,0.5625,648,73,1,421,268
La_liga,2016,3,Atletico Madrid,38,23,9,6,70,78,60.6589,31.3361685,0,0.480769231,502,80,3,498,198
La_liga,2016,4,Sevilla,38,21,9,8,69,72,59.094825,38.704635,0.625,0.532467532,486,105,4,581,198
La_liga,2016,5,Villarreal,38,19,10,9,56,67,52.228737,43.1643821,0.125,0.333333333,425,89,4,507,169
La_liga,2016,6,Real Sociedad,38,19,7,12,59,64,45.5836453,43.7127224,0.1,0.544642857,487,79,6,528,167
La_liga,2016,7,Athletic Club,38,19,6,13,53,63,51.081266,40.455376,0.3,0.410714286,478,87,2,499,186
La_liga,2016,8,Espanyol,38,15,11,12,49,56,32.5531964,38.347979,0,0.354166667,343,80,2,567,129
La_liga,2016,9,Alaves,38,14,13,11,41,55,42.6011055,43.968918,0.1,0.281818182,389,113,5,540,132
La_liga,2016,10,Eibar,38,15,9,14,56,54,42.980348,45.1701273,0.2,0.214285714,449,91,7,515,177
La_liga,2016,11,Malaga,38,12,10,16,49,46,40.369334,47.3481186,0.083333333,0.371428571,491,108,7,547,168
La_liga,2016,12,Valencia,38,13,7,18,56,46,50.339573,50.9610893,0,0.35,447,108,6,550,169
La_liga,2016,13,Celta Vigo,38,13,6,19,53,45,40.480753,55.975258,0,0.290909091,405,98,8,513,148
La_liga,2016,14,Las Palmas,38,10,9,19,53,39,40.796914,58.394146,0.125,0.25,437,98,6,466,182
La_liga,2016,15,Real Betis,38,10,9,19,41,39,35.715405,48.268066,0.0625,0.111111111,440,102,5,574,152
La_liga,2016,16,Deportivo La Coruna,38,8,12,18,43,36,40.9953521,48.604222,0,0.142857143,461,92,4,536,145
La_liga,2016,17,Leganes,38,8,11,19,36,35,33.1895923,46.3858863,0.055555556,0.211111111,413,105,3,644,132
La_liga,2016,18,Sporting Gijon,38,7,10,21,42,31,36.354798,64.432069,0,0.2,375,112,4,567,135
La_liga,2016,19,Osasuna,38,4,10,24,40,22,33.129606,64.824913,0,0.35,389,98,3,567,143
La_liga,2016,20,Granada,38,4,8,26,30,20,29.6861142,74.02517,0,0,380,109,6,553,124
La_liga,2017,1,Barcelona,38,28,9,1,99,93,90.486752,41.62082,0.7,0.485714286,580,67,2,383,272
La_liga,2017,2,Atletico Madrid,38,23,10,5,58,79,50.29048,35.48382,0.5,0.487012987,404,96,5,538,159
La_liga,2017,3,Real Madrid,38,22,10,6,94,76,91.28737,45.097868,0.25,0.071428571,698,65,4,436,281
La_liga,2017,4,Valencia,38,22,7,9,65,73,57.7633736,47.890202,0.25,0.366666667,478,106,5,519,187
La_liga,2017,5,Villarreal,38,18,7,13,57,61,55.669446,54.236571,0.1,0.5,470,117,6,595,168
La_liga,2017,6,Real Betis,38,18,6,14,60,60,46.715464,49.7602212,0,0.584415584,415,92,3,466,165
La_liga,2017,7,Sevilla,38,17,7,14,49,58,61.491078,54.032522,0.055555556,0.442857143,519,101,3,562,185
La_liga,2017,8,Getafe,38,15,10,13,42,55,49.029457,39.6481411,0.166666667,0.331818182,370,132,5,674,135
La_liga,2017,9,Eibar,38,14,9,15,44,51,41.42352,45.531581,0.071428571,0.361111111,476,84,3,493,142
La_liga,2017,10,Girona,38,14,9,15,50,51,52.098753,51.603997,0.071428571,0.111111111,443,104,0,615,156
La_liga,2017,11,Celta Vigo,38,13,10,15,59,49,54.5900082,57.683858,0,0.208333333,443,86,1,429,163
La_liga,2017,12,Espanyol,38,12,13,13,36,49,41.576662,53.371869,0.071428571,0.293650794,411,89,1,520,136
La_liga,2017,13,Real Sociedad,38,14,7,17,66,49,56.348762,51.131204,0,0.208333333,517,60,5,420,169
La_liga,2017,14,Alaves,38,15,2,21,40,47,37.879523,58.200749,0,0.5,383,109,4,603,135
La_liga,2017,15,Levante,38,11,13,14,44,46,44.202161,65.115931,0,0.286363636,410,110,7,553,126
La_liga,2017,16,Athletic Club,38,10,13,15,41,43,51.785618,50.707842,0,0.0625,430,93,0,526,154
La_liga,2017,17,Leganes,38,12,7,19,34,43,39.2569609,48.7653586,0,0.397435897,396,105,5,588,137
La_liga,2017,18,Deportivo La Coruna,38,6,11,21,38,29,49.775169,60.873909,0,0.194444444,464,101,2,506,139
La_liga,2017,19,Las Palmas,38,5,7,26,24,22,37.8752152,74.429371,0,0.166666667,410,89,3,482,128
La_liga,2017,20,Malaga,38,5,5,28,24,20,35.876437,60.236375,0,0.071428571,402,100,8,613,117
La_liga,2018,1,Barcelona,38,26,9,3,90,87,83.279534,44.93095,0.5,0.583333333,561,77,2,407,254
La_liga,2018,2,Atletico Madrid,38,22,10,6,55,76,51.872324,41.434059,0.25,0.5,442,103,5,476,160
La_liga,2018,3,Real Madrid,38,21,5,12,63,68,68.654773,48.675753,0.125,0.575,594,83,6,444,214
La_liga,2018,4,Valencia,38,15,16,7,51,61,61.884949,42.854367,0.1,0.212121212,478,90,3,463,165
La_liga,2018,5,Sevilla,38,17,8,13,62,59,69.162306,46.710732,0.1,0.523809524,532,118,6,536,180
La_liga,2018,6,Getafe,38,15,14,9,48,59,47.034178,44.226041,0.166666667,0.3,397,112,7,641,128
La_liga,2018,7,Espanyol,38,14,11,13,48,53,50.157346,54.616086,0.125,0.416666667,470,92,2,530,161
La_liga,2018,8,Athletic Club,38,13,14,11,41,53,44.441324,47.158818,0.071428571,0.265151515,387,120,5,581,139
La_liga,2018,9,Real Sociedad,38,13,11,14,45,50,47.987101,48.09444,0.071428571,0.401785714,425,82,4,491,144
La_liga,2018,10,Alaves,38,13,11,14,39,50,40.873013,54.532088,0.25,0.396825397,432,101,1,548,123
La_liga,2018,11,Real Betis,38,14,8,16,44,50,51.677425,53.544732,0.055555556,0.616666667,444,89,1,436,169
La_liga,2018,12,Eibar,38,11,14,13,46,47,56.633606,47.884205,0.166666667,0.277777778,527,83,2,515,157
La_liga,2018,13,Leganes,38,11,12,15,37,45,41.249284,43.936601,0.0625,0.245454545,419,106,4,541,132
La_liga,2018,14,Levante,38,11,11,16,59,44,54.088913,78.863255,0,0.111111111,443,112,7,501,161
La_liga,2018,15,Villarreal,38,10,14,14,49,44,54.79974,56.118148,0.1,0.318181818,493,118,3,519,173
La_liga,2018,16,Celta Vigo,38,10,11,17,53,41,48.699852,63.4295,0.166666667,0.214285714,449,84,6,458,160
La_liga,2018,17,Real Valladolid,38,10,11,17,32,41,41.641547,57.647325,0.071428571,0.222222222,413,92,0,521,133
La_liga,2018,18,Girona,38,9,10,19,37,37,42.986638,55.334056,0.1,0.170454545,402,83,4,536,148
La_liga,2018,19,SD Huesca,38,7,12,19,43,33,51.377569,63.425214,0.055555556,0.142857143,474,114,3,580,151
La_liga,2018,20,Rayo Vallecano,38,8,8,22,41,32,47.233183,62.318235,0,0.226190476,455,106,8,567,149
EPL,2014,1,Chelsea,38,26,9,3,73,87,68.64332,31.5243441,0.166666667,0.479166667,563,77,4,382,210
EPL,2014,2,Manchester City,38,24,7,7,83,79,75.815441,40.499403,0,0.555555556,668,77,2,445,228
EPL,2014,3,Arsenal,38,22,9,7,71,75,69.802591,35.718825,0,0.366666667,612,68,2,377,228
EPL,2014,4,Manchester United,38,20,10,8,62,70,54.20686,39.842347,0,0.416666667,509,64,5,453,179
EPL,2014,5,Tottenham,38,19,7,12,58,64,52.385284,57.044148,0.25,0.321428571,524,79,4,441,172
EPL,2014,6,Liverpool,38,18,8,12,52,62,51.697226,38.249721,0,0.422222222,590,66,3,385,194
EPL,2014,7,Southampton,38,18,6,14,54,60,54.965667,39.11352,0,0.45959596,506,57,3,468,170
EPL,2014,8,Swansea,38,16,8,14,46,56,40.901235,55.94297,0,0.428571429,422,48,5,398,147
EPL,2014,9,Stoke,38,15,9,14,48,54,46.260597,47.030662,0.125,0.323863636,501,82,1,486,136
EPL,2014,10,Crystal Palace,38,13,9,16,47,48,44.756683,45.484365,0.25,0.428571429,438,63,4,527,139
EPL,2014,11,West Ham,38,12,11,15,44,47,46.687234,57.402133,0,0.271428571,485,64,2,420,152
EPL,2014,12,Everton,38,12,11,15,48,47,44.888185,46.182073,0,0.1,484,66,2,388,166
EPL,2014,13,West Bromwich Albion,38,11,11,16,38,44,38.6277291,53.748536,0,0.4,411,64,3,423,130
EPL,2014,14,Leicester,38,11,8,19,46,41,48.206401,56.392116,0.180555556,0.173611111,457,49,4,457,137
EPL,2014,15,Newcastle United,38,10,9,19,40,39,40.221386,51.014275,0.041666667,0.214285714,467,66,7,433,143
EPL,2014,16,Aston Villa,38,10,8,20,31,38,33.102671,49.706256,0,0.238095238,414,70,7,400,127
EPL,2014,17,Sunderland,38,7,17,14,31,38,37.446153,51.464371,0,0.116883117,404,94,2,435,129
EPL,2014,18,Hull,38,8,11,19,33,35,32.791033,46.992957,0,0.258241758,429,71,6,451,131
EPL,2014,19,Burnley,38,7,12,19,28,33,39.372649,57.888856,0,0.261363636,429,64,2,406,125
EPL,2014,20,Queens Park Rangers,38,8,6,24,42,30,45.726091,65.262558,0.25,0.045454545,533,75,3,447,151
EPL,2015,1,Leicester,38,23,12,3,68,81,68.416034,45.019954,0.375,0.535714286,523,48,3,405,181
EPL,2015,2,Arsenal,38,20,11,7,65,71,73.530928,33.8574794,0.125,0.431818182,572,39,4,350,210
EPL,2015,3,Tottenham,38,19,13,6,69,70,63.419362,37.080929,0.35,0.464285714,661,72,0,452,250
EPL,2015,4,Manchester United,38,19,9,10,49,66,45.424211,39.655822,0,0.363636364,430,65,1,472,143
EPL,2015,5,Manchester City,38,19,9,10,71,66,66.19736,37.469231,0,0.448863636,612,61,0,409,210
EPL,2015,6,Southampton,38,18,9,11,59,63,56.201605,44.291609,0.1,0.208333333,519,57,6,416,169
EPL,2015,7,West Ham,38,16,14,8,65,62,54.400567,55.478657,0.25,0.183333333,556,56,5,381,184
EPL,2015,8,Liverpool,38,16,12,10,63,60,54.365662,37.8828599,0.125,0.281818182,629,61,3,422,203
EPL,2015,9,Stoke,38,14,9,15,41,51,42.626573,54.349917,0.071428571,0.369047619,418,51,4,419,130
EPL,2015,10,Chelsea,38,12,14,12,59,50,54.479719,44.626242,0.071428571,0.083333333,526,58,6,408,173
EPL,2015,11,Swansea,38,12,11,15,42,47,39.958642,53.634229,0,0.277777778,442,62,1,392,136
EPL,2015,12,Everton,38,11,14,13,59,47,53.9810719,54.748804,0.1,0.126984127,492,44,5,315,175
EPL,2015,13,Watford,38,12,9,17,40,45,43.199637,51.851501,0,0.240384615,445,74,3,460,136
EPL,2015,14,West Bromwich Albion,38,10,13,15,34,43,39.7528703,51.936846,0,0.244318182,384,63,3,392,106
EPL,2015,15,Crystal Palace,38,11,9,18,39,42,42.50767,52.938884,0.166666667,0.282051282,466,60,1,465,152
EPL,2015,16,Bournemouth,38,11,9,18,45,42,38.705838,53.968709,0,0.3875,463,52,1,362,144
EPL,2015,17,Sunderland,38,9,12,17,48,39,40.517172,58.8502223,0.155555556,0.182539683,439,62,2,396,143
EPL,2015,18,Newcastle United,38,9,10,19,44,37,37.6056604,55.4230604,0.045454545,0.142857143,398,58,5,414,152
EPL,2015,19,Norwich,38,9,7,22,39,34,39.187494,58.930607,0,0.175,416,61,3,417,126
EPL,2015,20,Aston Villa,38,3,8,27,27,17,26.5270594,59.009573,0,0.145833333,368,75,3,431,111
EPL,2016,1,Chelsea,38,30,3,5,85,93,61.796887,28.6189194,0.125,0.916666667,580,72,0,394,204
EPL,2016,2,Tottenham,38,26,8,4,86,86,70.065979,33.7819329,0.35,0.666666667,669,62,0,432,257
EPL,2016,3,Manchester City,38,23,9,6,80,78,79.851438,29.607516,0.25,0.583333333,633,71,4,395,217
EPL,2016,4,Liverpool,38,22,10,6,78,76,66.632558,37.6523285,0.2,0.342857143,638,54,0,397,236
EPL,2016,5,Arsenal,38,23,6,9,77,75,63.581257,47.071277,0,0.551948052,565,67,3,397,200
EPL,2016,6,Manchester United,38,18,15,5,54,69,57.571359,31.623915,0,0.229166667,589,76,2,497,210
EPL,2016,7,Everton,38,17,10,11,62,61,49.6324541,45.782984,0,0.575,498,71,2,459,192
EPL,2016,8,Bournemouth,38,12,10,16,55,46,50.016134,62.992387,0.083333333,0.238095238,446,51,3,366,160
EPL,2016,9,Southampton,38,12,10,16,41,46,49.9841215,43.084681,0,0.214285714,548,58,2,424,179
EPL,2016,10,West Ham,38,12,9,17,47,45,48.245556,59.671571,0,0.3125,496,77,5,408,138
EPL,2016,11,West Bromwich Albion,38,12,9,17,43,45,38.213618,47.900151,0.083333333,0.292857143,400,80,0,449,123
EPL,2016,12,Stoke,38,11,11,16,41,44,47.874022,48.668726,0,0.214285714,426,70,2,434,137
EPL,2016,13,Leicester,38,12,8,18,48,44,44.340833,51.304373,0,0.142857143,432,71,1,451,145
EPL,2016,14,Crystal Palace,38,12,5,21,50,41,45.40267,50.031654,0.0625,0.347222222,438,77,0,469,138
EPL,2016,15,Swansea,38,12,5,21,45,41,39.4995429,65.129661,0.083333333,0.357142857,390,56,0,401,146
EPL,2016,16,Watford,38,11,7,20,40,40,36.2545579,52.618014,0,0.442857143,419,83,5,517,144
EPL,2016,17,Burnley,38,11,7,20,39,40,35.591734,55.268617,0,0.166666667,390,65,2,426,120
EPL,2016,18,Hull,38,9,7,22,37,34,33.839492,71.774424,0.166666667,0.229166667,396,67,5,403,127
EPL,2016,19,Middlesbrough,38,5,13,20,27,28,30.9301263,55.3013599,0,0.071428571,349,76,1,478,100
EPL,2016,20,Sunderland,38,6,6,26,29,24,34.22368,65.663528,0,0.215909091,387,76,4,437,121
EPL,2017,1,Manchester City,38,32,4,2,106,100,91.434145,24.5119177,0.75,0.732142857,664,58,2,344,261
EPL,2017,2,Manchester United,38,25,6,7,68,81,59.043412,43.540152,0.25,0.423611111,513,64,1,404,181
EPL,2017,3,Tottenham,38,23,8,7,74,77,68.911894,35.859433,0.125,0.535714286,622,49,2,384,217
EPL,2017,4,Liverpool,38,21,12,5,84,75,77.485119,35.7516207,0.571428571,0.354166667,640,44,1,344,233
EPL,2017,5,Chelsea,38,21,7,10,62,70,59.160689,34.0347137,0.1,0.283333333,606,41,4,363,220
EPL,2017,6,Arsenal,38,19,6,13,74,63,72.269335,48.745316,0.125,0.475,593,57,2,383,234
EPL,2017,7,Burnley,38,14,12,12,36,54,32.771712,52.156891,0.1,0.277777778,379,65,0,350,127
EPL,2017,8,Everton,38,13,10,15,44,49,43.707511,55.495772,0,0.375,360,51,3,459,122
EPL,2017,9,Leicester,38,12,11,15,56,47,50.2887137,49.358723,0,0.25,422,52,5,365,148
EPL,2017,10,Crystal Palace,38,11,11,16,45,44,56.749704,53.535269,0.214285714,0.166666667,475,71,0,425,151
EPL,2017,11,Bournemouth,38,11,11,16,45,44,39.99186,64.93249,0.171428571,0.25,467,55,1,339,158
EPL,2017,12,Newcastle United,38,12,8,18,39,44,44.625608,52.472364,0,0.369318182,449,52,2,409,150
EPL,2017,13,West Ham,38,10,12,16,48,42,36.80133,58.368869,0.1,0.183333333,373,72,2,379,133
EPL,2017,14,Watford,38,11,8,19,44,41,45.847429,53.981191,0.083333333,0.270833333,440,63,4,441,132
EPL,2017,15,Brighton,38,9,13,16,34,40,37.2144165,53.083801,0,0.166666667,383,54,2,413,118
EPL,2017,16,Huddersfield,38,9,10,19,28,37,32.1338432,53.216161,0,0.18452381,360,61,3,396,111
EPL,2017,17,Southampton,38,7,15,16,37,36,41.880147,46.555427,0,0.258928571,451,63,2,416,145
EPL,2017,18,Stoke,38,7,12,19,35,33,36.754259,65.540984,0,0.125,382,62,1,436,131
EPL,2017,19,Swansea,38,8,9,21,28,33,29.7130847,61.833604,0.055555556,0.214285714,336,51,1,377,104
EPL,2017,20,West Bromwich Albion,38,6,13,19,31,31,35.184401,48.993914,0,0.166666667,375,72,1,440,114
EPL,2018,1,Manchester City,38,32,2,4,95,98,93.720559,25.7326041,0,0.75,683,44,1,328,260
EPL,2018,2,Liverpool,38,30,7,1,89,97,79.45754,29.145105,0.5,0.577777778,574,37,2,315,226
EPL,2018,3,Chelsea,38,21,9,8,63,72,63.968004,38.107687,0,0.45,606,49,0,339,198
EPL,2018,4,Tottenham,38,23,2,13,67,71,61.746657,49.146068,0.266666667,0.566666667,536,56,3,375,189
EPL,2018,5,Arsenal,38,21,7,10,73,70,64.795372,57.2974875,0.125,0.678571429,466,72,2,412,170
EPL,2018,6,Manchester United,38,19,9,10,65,66,68.617498,52.30019,0.333333333,0.2,526,73,4,433,225
EPL,2018,7,Wolverhampton Wanderers,38,16,9,13,47,57,53.0586916,42.691294,0.1625,0.464285714,474,72,1,409,151
EPL,2018,8,Everton,38,15,9,14,54,54,53.866134,49.3097899,0,0.345454545,495,55,4,432,169
EPL,2018,9,West Ham,38,15,7,16,52,52,47.9605279,65.662023,0.166666667,0.380952381,441,59,1,331,157
EPL,2018,10,Leicester,38,15,7,16,51,52,52.114153,44.642585,0,0.526785714,515,57,5,351,184
EPL,2018,11,Watford,38,14,8,16,52,50,51.733546,63.291171,0.083333333,0.357142857,434,77,4,433,151
EPL,2018,12,Crystal Palace,38,14,7,17,51,49,50.642166,52.804285,0,0.229166667,491,58,2,386,146
EPL,2018,13,Newcastle United,38,12,9,17,42,45,39.9106505,57.545492,0.142857143,0.180555556,444,57,2,422,142
EPL,2018,14,Bournemouth,38,13,6,19,56,45,58.812899,62.423162,0.045454545,0.15,447,60,1,339,163
EPL,2018,15,Burnley,38,11,7,20,45,40,44.7412159,66.122065,0,0.171428571,359,75,1,359,115
EPL,2018,16,Southampton,38,9,12,17,45,39,49.671325,59.271714,0.1,0.205357143,480,71,3,420,162
EPL,2018,17,Brighton,38,9,9,20,35,36,37.027868,62.462145,0,0.297619048,365,60,4,463,108
EPL,2018,18,Cardiff,38,10,4,24,34,34,41.7697266,66.503167,0.071428571,0.275,417,65,1,384,126
EPL,2018,19,Fulham,38,7,5,26,34,26,42.621864,73.58661,0.05,0.383333333,453,68,2,423,149
EPL,2018,20,Huddersfield,38,3,7,28,22,16,29.002263,67.194016,0,0.1,400,55,4,420,118
Bundesliga,2014,1,Bayern Munich,34,25,4,5,80,79,66.2057452,21.9387286,0.25,0.464285714,583,37,2,414,238
Bundesliga,2014,2,Wolfsburg,34,20,9,5,72,69,58.347731,38.822021,0.1,0.458333333,522,44,1,454,205
Bundesliga,2014,3,Borussia M.Gladbach,34,19,9,6,53,66,51.7415719,36.343299,0,0.435714286,424,54,2,416,174
Bundesliga,2014,4,Bayer Leverkusen,34,17,10,7,62,61,49.155699,34.720386,0.166666667,0.4375,554,76,4,609,192
Bundesliga,2014,5,Augsburg,34,15,4,15,43,49,43.911698,46.659608,0.236111111,0.464285714,458,61,3,552,150
Bundesliga,2014,6,Schalke 04,34,13,9,12,42,48,41.2589158,46.961703,0,0.257575758,418,65,4,517,153
Bundesliga,2014,7,Borussia Dortmund,34,13,7,14,47,46,53.863501,33.3963487,0.125,0.270833333,567,54,0,454,190
Bundesliga,2014,8,Hoffenheim,34,12,8,14,49,44,49.963057,49.997862,0,0.2875,501,66,2,600,171
Bundesliga,2014,9,Werder Bremen,34,11,10,13,50,43,42.673755,52.3792689,0,0.267857143,415,67,2,588,170
Bundesliga,2014,10,Eintracht Frankfurt,34,11,10,13,56,43,47.3697165,55.039228,0.083333333,0.285714286,426,84,3,569,171
Bundesliga,2014,12,Mainz 05,34,9,13,12,45,40,43.912293,48.10898,0,0.1875,437,53,2,495,145
Bundesliga,2014,13,Hannover 96,34,9,10,15,40,37,36.429044,46.284096,0,0.242857143,384,72,5,568,145
Bundesliga,2014,14,VfB Stuttgart,34,9,9,16,42,36,45.639776,48.0999922,0,0.305194805,411,59,5,504,138
Bundesliga,2014,15,Hamburger SV,34,9,8,17,25,35,32.859179,55.829407,0,0.125,364,83,5,618,114
Bundesliga,2014,16,Hertha Berlin,34,9,8,17,36,35,32.6564319,46.1981925,0,0.284722222,297,72,4,589,107
Bundesliga,2014,17,Freiburg,34,7,13,14,36,34,38.6880206,45.910677,0.1,0.25,385,63,4,492,158
Bundesliga,2014,18,Paderborn,34,7,10,17,31,31,36.079765,55.77042,0.0625,0.2625,454,51,3,484,140
Bundesliga,2015,1,Bayern Munich,34,28,4,2,80,88,77.041497,20.7943774,0.375,0.777777778,607,44,1,380,257
Bundesliga,2015,2,Borussia Dortmund,34,24,6,4,82,78,83.410238,29.1774931,0.166666667,0.7,529,39,0,391,212
Bundesliga,2015,3,Bayer Leverkusen,34,18,6,10,56,60,52.907869,41.2358206,0.142857143,0.322222222,485,65,4,525,185
Bundesliga,2015,4,Borussia M.Gladbach,34,17,4,13,67,55,53.668954,49.0692208,0,0.5,454,45,3,461,191
Bundesliga,2015,5,Schalke 04,34,15,7,12,51,52,47.129821,47.8833199,0,0.444444444,487,64,1,506,163
Bundesliga,2015,6,Mainz 05,34,14,8,12,46,50,47.914203,47.268916,0,0.1875,383,53,1,528,150
Bundesliga,2015,7,Hertha Berlin,34,14,8,12,42,50,35.895022,43.940926,0,0.233333333,331,66,3,481,128
Bundesliga,2015,8,Wolfsburg,34,12,9,13,47,45,49.489405,41.618975,0,0.30952381,489,55,3,457,194
Bundesliga,2015,10,Hamburger SV,34,11,8,15,40,41,38.753566,51.185749,0.083333333,0.305555556,373,73,3,576,136
Bundesliga,2015,11,Ingolstadt,34,10,10,14,33,40,41.0237291,45.819034,0.25,0.261363636,422,79,2,526,128
Bundesliga,2015,12,Darmstadt,34,9,11,14,38,38,39.0313309,51.061428,0,0.342857143,346,86,1,557,116
Bundesliga,2015,13,Werder Bremen,34,10,8,16,50,38,50.1238214,51.800028,0,0.339285714,453,77,2,520,151
Bundesliga,2015,14,Augsburg,34,9,11,14,42,38,42.390457,55.653333,0.125,0.142857143,444,81,2,532,150
Bundesliga,2015,15,Hoffenheim,34,9,10,15,39,37,39.554448,60.405556,0,0.375,379,56,3,469,134
Bundesliga,2015,16,Eintracht Frankfurt,34,9,9,16,34,36,32.9494858,54.310386,0.183333333,0.188311688,368,93,3,517,136
Bundesliga,2015,17,VfB Stuttgart,34,9,6,19,50,33,57.699662,65.055421,0,0.375,498,64,5,506,188
Bundesliga,2015,18,Hannover 96,34,7,4,23,31,25,32.4291916,63.57609,0.041666667,0.325,380,66,0,520,126
Bundesliga,2016,1,Bayern Munich,34,25,7,2,89,82,73.908589,27.042341,0.125,0.625,621,47,0,360,229
Bundesliga,2016,2,RasenBallsport Leipzig,34,20,7,7,66,67,55.0917263,40.063822,0.1,0.702380952,442,66,2,523,173
Bundesliga,2016,3,Borussia Dortmund,34,18,10,6,72,64,74.908462,34.6054783,0,0.083333333,534,55,2,413,204
Bundesliga,2016,4,Hoffenheim,34,16,14,4,64,62,54.503884,41.442142,0,0.388888889,498,63,1,514,181
Bundesliga,2016,5,Hertha Berlin,34,15,4,15,43,49,38.150167,49.387267,0.041666667,0.428571429,345,63,3,473,126
Bundesliga,2016,7,Freiburg,34,14,6,14,42,48,39.41105,54.620834,0.1,0.455357143,403,56,1,445,145
Bundesliga,2016,8,Werder Bremen,34,13,6,15,61,45,42.99272,60.546285,0,0.566666667,377,67,2,476,154
Bundesliga,2016,9,Borussia M.Gladbach,34,12,9,13,45,45,45.821755,44.438666,0.1,0.291666667,410,46,2,419,146
Bundesliga,2016,10,Schalke 04,34,11,10,13,45,43,44.857644,43.870803,0,0.278409091,442,69,3,508,137
Bundesliga,2016,11,Eintracht Frankfurt,34,11,9,14,36,42,43.590541,38.3329,0.196428571,0.166666667,380,82,6,538,124
Bundesliga,2016,12,Bayer Leverkusen,34,11,8,15,53,41,53.104216,50.380264,0.2,0.222222222,445,50,4,478,177
Bundesliga,2016,13,Augsburg,34,9,11,14,35,38,33.88275,52.261885,0.1,0.3,370,66,3,494,127
Bundesliga,2016,14,Hamburger SV,34,10,8,16,33,38,31.914013,57.140191,0,0.285714286,359,73,5,564,113
Bundesliga,2016,15,Mainz 05,34,10,7,17,44,37,42.36353,43.231438,0.155555556,0.166666667,414,67,7,493,152
Bundesliga,2016,16,Wolfsburg,34,10,7,17,34,37,44.465999,46.851829,0.1,0.142857143,426,65,3,513,143
Bundesliga,2016,17,Ingolstadt,34,8,8,18,36,32,44.510902,49.189039,0.1,0.071428571,457,69,6,554,162
Bundesliga,2016,18,Darmstadt,34,7,4,23,28,25,33.906823,68.041058,0,0.180555556,335,67,5,516,94
Bundesliga,2017,1,Bayern Munich,34,27,3,4,92,84,76.548905,30.63783501,0.25,0.8,589,42,0,348,236
Bundesliga,2017,2,Schalke 04,34,18,9,7,53,63,46.829516,39.4193487,0,0.732142857,404,62,2,532,165
Bundesliga,2017,3,Bayer Leverkusen,34,15,10,9,58,55,56.982826,36.921523,0.196428571,0.333333333,509,58,4,438,172
Bundesliga,2017,4,Hoffenheim,34,15,10,9,66,55,50.71606,45.195158,0,0.416666667,473,68,0,487,180
Bundesliga,2017,5,Borussia Dortmund,34,15,10,9,64,55,66.097937,40.855982,0.1,0.238095238,489,41,3,392,182
Bundesliga,2017,6,RasenBallsport Leipzig,34,15,8,11,57,53,51.422302,47.422263,0.166666667,0.4,486,48,6,425,176
Bundesliga,2017,7,VfB Stuttgart,34,15,6,13,36,51,37.912172,39.350573,0,0.270833333,368,59,2,443,129
Bundesliga,2017,8,Eintracht Frankfurt,34,14,7,13,45,49,41.059284,40.908612,0,0.375,389,72,2,510,147
Bundesliga,2017,9,Borussia M.Gladbach,34,13,8,13,47,47,51.247335,52.088752,0.175,0.425,454,47,0,388,156
Bundesliga,2017,10,Hertha Berlin,34,10,13,11,43,43,38.5751845,44.714015,0.154761905,0.154761905,318,47,3,469,134
Bundesliga,2017,11,Werder Bremen,34,10,12,12,37,42,38.50837,43.465298,0.055555556,0.154761905,433,55,0,509,153
Bundesliga,2017,12,Augsburg,34,10,11,13,43,41,42.262212,40.81558,0.0625,0,433,68,2,463,146
Bundesliga,2017,13,Hannover 96,34,10,9,15,44,39,41.218369,54.362708,0.071428571,0.277777778,434,63,0,475,146
Bundesliga,2017,14,Mainz 05,34,9,9,16,38,36,31.64673,45.179642,0,0.181818182,416,63,3,505,146
Bundesliga,2017,15,Freiburg,34,8,12,14,32,36,36.982345,45.660265,0.055555556,0.15,376,54,5,432,117
Bundesliga,2017,16,Wolfsburg,34,6,15,13,36,33,32.1054943,49.430159,0,0.154761905,355,62,6,428,117
Bundesliga,2017,17,Hamburger SV,34,8,7,19,29,31,36.03913521,54.0578513,0,0.1875,398,60,4,473,137
Bundesliga,2018,1,Bayern Munich,34,24,6,4,88,78,92.240857,27.4123437,0,0.533333333,636,44,2,278,255
Bundesliga,2018,2,Borussia Dortmund,34,23,7,4,81,76,64.994402,42.875457,0.5,0.5,451,40,3,279,184
Bundesliga,2018,3,RasenBallsport Leipzig,34,19,9,6,63,66,68.246406,39.653422,0.1,0.2,492,61,1,442,182
Bundesliga,2018,4,Bayer Leverkusen,34,18,4,12,69,58,61.489672,45.710428,0.125,0.583333333,516,50,1,349,197
Bundesliga,2018,5,Borussia M.Gladbach,34,16,7,11,55,55,54.926189,52.868345,0,0.597222222,457,43,0,310,158
Bundesliga,2018,6,Wolfsburg,34,16,7,11,62,55,49.490941,49.835679,0,0.464285714,422,62,0,340,166
Bundesliga,2018,7,Eintracht Frankfurt,34,15,9,10,60,54,61.842493,51.017874,0,0.366666667,413,60,3,389,153
Bundesliga,2018,8,Werder Bremen,34,14,11,9,58,53,49.360429,56.70904,0,0.214285714,467,64,3,405,176
Bundesliga,2018,9,Hoffenheim,34,13,12,9,70,51,79.954644,53.288005,0.225,0.4375,606,69,2,451,225
Bundesliga,2018,11,Hertha Berlin,34,11,10,13,49,43,50.520192,61.583148,0.083333333,0.142857143,401,67,5,418,149
Bundesliga,2018,12,Mainz 05,34,12,7,15,46,43,49.214245,62.803411,0.1,0.388888889,495,57,0,404,151
Bundesliga,2018,13,Freiburg,34,8,12,14,46,36,41.225196,61.429392,0,0.111111111,422,56,3,387,163
Bundesliga,2018,14,Schalke 04,34,8,9,17,37,33,46.618307,51.939163,0,0.205357143,418,73,5,422,133
Bundesliga,2018,15,Augsburg,34,8,8,18,51,32,47.443577,63.79157,0.183333333,0,458,55,1,439,165
Bundesliga,2018,16,VfB Stuttgart,34,7,7,20,32,28,37.3775347,62.698248,0.055555556,0.175,405,66,5,350,114
Bundesliga,2018,17,Hannover 96,34,5,6,23,31,21,34.808797,73.120366,0,0.1,380,64,4,396,122
Bundesliga,2018,18,Nuernberg,34,3,10,21,26,19,35.371743,54.801146,0,0.090909091,355,59,4,376,104
Serie_A,2014,1,Juventus,38,26,9,3,72,87,59.077044,29.1296338,0,0.681818182,603,72,5,524,202
Serie_A,2014,2,Roma,38,19,13,6,54,70,50.853662,36.787303,0,0.270833333,523,99,5,519,176
Serie_A,2014,3,Lazio,38,21,6,11,71,69,61.996225,35.8714532,0.1,0.4375,543,104,9,678,216
Serie_A,2014,4,Fiorentina,38,18,10,10,61,64,60.670595,48.502489,0,0.566666667,617,81,3,537,201
Serie_A,2014,5,Napoli,38,18,9,11,70,63,64.49538,34.373501,0.125,0.473214286,622,77,6,524,233
Serie_A,2014,6,Genoa,38,16,11,11,62,59,57.321604,60.37169,0.0625,0.522222222,488,102,6,634,177
Serie_A,2014,7,Sampdoria,38,13,17,8,48,56,47.5852592,48.370173,0.071428571,0.290909091,499,96,3,614,156
Serie_A,2014,8,Inter,38,14,13,11,59,55,57.168296,44.321354,0,0.25,618,93,5,560,184
Serie_A,2014,9,Torino,38,14,12,12,48,54,51.778812,42.689975,0.125,0.266666667,542,96,3,543,170
Serie_A,2014,10,AC Milan,38,13,13,12,56,52,47.072551,53.99087,0,0.214285714,449,82,13,541,148
Serie_A,2014,11,Palermo,38,12,13,13,53,49,54.972834,44.0141317,0,0.214285714,479,83,4,582,152
Serie_A,2014,12,Sassuolo,38,12,13,13,49,49,42.9145437,55.185098,0.25,0.136363636,447,101,9,587,152
Serie_A,2014,13,Verona,38,11,13,14,49,46,46.883277,63.409394,0,0.375,458,96,7,523,156
Serie_A,2014,14,Chievo,38,10,13,15,28,43,33.013623,48.985331,0,0.277272727,458,82,3,626,138
Serie_A,2014,15,Empoli,38,8,18,12,46,42,49.662924,43.422374,0,0.1,512,58,4,489,167
Serie_A,2014,16,Udinese,38,10,11,17,43,41,34.858852,54.753851,0.071428571,0.3,423,91,6,532,121
Serie_A,2014,17,Atalanta,38,7,16,15,38,37,40.937206,59.400306,0.071428571,0.1,463,103,9,629,132
Serie_A,2014,18,Cagliari,38,8,10,20,48,34,53.916897,54.166985,0,0.071428571,496,108,6,594,179
Serie_A,2014,19,Parma,38,6,8,24,33,26,31.765945,60.738105,0.041666667,0.125,414,98,8,659,111
Serie_A,2014,20,Cesena,38,4,12,22,36,24,34.6180388,63.079551,0,0.125,357,102,4,631,115
Serie_A,2015,1,Juventus,38,29,4,5,75,91,62.989649,22.998835,0,0.625,599,90,6,571,215
Serie_A,2015,2,Napoli,38,25,7,6,80,82,69.52683,26.6858098,0.5,0.466666667,656,68,2,441,243
Serie_A,2015,3,Roma,38,23,11,4,83,80,64.428699,39.793531,0.125,0.525,585,79,5,532,216
Serie_A,2015,4,Inter,38,20,7,11,50,67,54.295839,44.2502253,0,0.513888889,516,90,12,504,167
Serie_A,2015,5,Fiorentina,38,18,10,10,60,64,53.193085,36.2172219,0.1,0.255555556,573,93,3,536,180
Serie_A,2015,6,Sassuolo,38,16,13,9,49,61,47.322888,42.931726,0,0.35,486,90,7,571,153
Serie_A,2015,7,AC Milan,38,15,12,11,49,57,53.906377,40.909083,0.1,0.180555556,550,92,3,585,173
Serie_A,2015,8,Lazio,38,15,9,14,52,54,55.208897,43.575192,0.118055556,0.3,511,94,10,594,147
Serie_A,2015,9,Chievo,38,13,11,14,43,50,40.589887,51.087573,0.083333333,0.380952381,423,104,4,632,129
Serie_A,2015,10,Genoa,38,13,7,18,45,46,45.2857583,48.629914,0.166666667,0.298701299,468,82,9,632,149
Serie_A,2015,11,Empoli,38,12,10,16,40,46,37.838529,47.51195,0.083333333,0.416666667,477,92,6,507,148
Serie_A,2015,12,Atalanta,38,11,12,15,41,45,46.076171,51.409722,0.25,0.125,454,95,14,636,137
Serie_A,2015,13,Torino,38,12,9,17,52,45,49.419914,41.29218,0.225,0.1875,471,95,3,656,176
Serie_A,2015,14,Bologna,38,11,9,18,33,42,35.478687,51.841523,0.125,0.209401709,387,88,7,535,114
Serie_A,2015,15,Sampdoria,38,10,10,18,48,40,40.525432,66.193223,0,0.25,430,102,7,551,152
Serie_A,2015,16,Palermo,38,10,9,19,38,39,36.548124,61.843031,0,0.208333333,412,96,6,621,122
Serie_A,2015,17,Udinese,38,10,9,19,35,39,46.309879,51.423825,0.071428571,0.226190476,444,98,7,575,145
Serie_A,2015,18,Carpi,38,9,11,18,37,38,43.3730078,51.796595,0.0625,0.1875,426,105,6,634,132
Serie_A,2015,19,Frosinone,38,8,7,23,35,31,33.843419,74.233944,0,0.166666667,486,108,5,625,124
Serie_A,2015,20,Verona,38,5,13,20,34,28,40.1720139,61.707982,0.071428571,0.071428571,451,88,7,612,142
Serie_A,2016,1,Juventus,38,29,4,5,77,91,68.736204,23.5971261,0,0.75,583,70,0,473,221
Serie_A,2016,2,Roma,38,28,3,7,90,87,82.996525,41.07572,0.333333333,0.628571429,676,64,1,462,234
Serie_A,2016,3,Napoli,38,26,8,4,94,86,77.512046,32.160715,0.1,0.6,670,58,2,376,262
Serie_A,2016,4,Atalanta,38,21,9,8,62,72,61.393222,34.349982,0.125,0.482142857,534,85,3,603,201
Serie_A,2016,5,Lazio,38,21,7,10,74,70,65.386424,41.766694,0,0.533333333,584,90,4,543,211
Serie_A,2016,6,AC Milan,38,18,9,11,57,63,59.672722,50.206752,0,0.5375,555,81,12,521,191
Serie_A,2016,7,Inter,38,19,5,14,72,62,68.760473,44.775497,0.125,0.5625,630,74,5,540,208
Serie_A,2016,8,Fiorentina,38,16,12,10,63,60,55.137755,53.304129,0.141666667,0.583333333,609,92,6,535,226
Serie_A,2016,9,Torino,38,13,14,11,71,53,57.396987,61.715461,0.166666667,0.194444444,573,80,4,587,184
Serie_A,2016,10,Sassuolo,38,14,7,17,60,49,50.56918,61.904521,0.229166667,0.071428571,441,90,2,518,171
Serie_A,2016,11,Sampdoria,38,12,12,14,49,48,46.17492,56.856517,0.175,0.5,501,73,4,511,167
Serie_A,2016,12,Cagliari,38,14,5,19,55,47,42.4249501,68.31559,0.126984127,0.277777778,421,97,7,557,174
Serie_A,2016,13,Udinese,38,12,9,17,47,45,44.93708,54.661026,0,0.424242424,434,84,2,484,155
Serie_A,2016,14,Chievo,38,12,7,19,43,43,42.739706,55.005944,0.111111111,0.305194805,407,82,4,555,129
Serie_A,2016,15,Bologna,38,11,8,19,40,41,36.511121,58.3028283,0.083333333,0.2875,422,84,11,486,145
Serie_A,2016,16,Genoa,38,9,9,20,38,36,45.196485,51.2492213,0.045454545,0.225,443,89,8,623,147
Serie_A,2016,17,Crotone,38,9,7,22,34,34,34.168615,61.229476,0.0625,0.182539683,399,87,4,585,130
Serie_A,2016,18,Empoli,38,8,8,22,29,32,35.0911016,67.014983,0,0.136363636,362,107,2,538,127
Serie_A,2016,19,Palermo,38,6,8,24,33,26,28.915261,60.941304,0,0.194444444,381,93,9,564,118
Serie_A,2016,20,Pescara,38,2,9,27,35,15,43.122026,68.409317,0,0,442,92,4,551,146
Serie_A,2017,1,Juventus,38,30,5,3,86,95,59.228735,28.5773573,0.5,0.645833333,554,66,1,425,205
Serie_A,2017,2,Napoli,38,28,7,3,77,91,70.4536253,25.2661629,0.333333333,0.669642857,652,58,3,349,256
Serie_A,2017,3,Roma,38,23,8,7,61,77,65.626284,38.463246,0,0.571428571,644,48,4,396,213
Serie_A,2017,4,Inter,38,20,12,6,66,72,60.834829,37.332309,0.166666667,0.375,570,69,1,453,206
Serie_A,2017,5,Lazio,38,21,9,8,89,72,66.506443,42.568795,0.25,0.381818182,554,77,6,435,216
Serie_A,2017,6,AC Milan,38,18,10,10,56,64,50.875642,36.778873,0.125,0.291666667,609,75,7,498,224
Serie_A,2017,7,Atalanta,38,16,12,10,57,60,64.294623,36.504537,0,0.416666667,573,67,4,491,197
Serie_A,2017,8,Fiorentina,38,16,9,13,54,57,54.119047,42.1494403,0,0.276785714,616,88,6,547,193
Serie_A,2017,9,Sampdoria,38,16,6,16,56,54,53.1392869,62.259286,0.25,0.397727273,476,69,2,424,172
Serie_A,2017,10,Torino,38,13,15,10,54,54,46.592124,49.1131487,0.125,0.221428571,443,78,4,565,156
Serie_A,2017,11,Sassuolo,38,11,10,17,29,43,47.148854,50.6335779,0,0.325,495,89,7,483,143
Serie_A,2017,12,Genoa,38,11,8,19,33,41,42.2084412,42.871561,0,0.233333333,411,76,5,560,126
Serie_A,2017,13,Udinese,38,12,4,22,48,40,45.195238,50.712865,0,0.270833333,444,72,4,529,139
Serie_A,2017,14,Chievo,38,10,10,18,36,40,34.4206017,55.280885,0.395833333,0.207142857,386,75,4,479,135
Serie_A,2017,15,Bologna,38,11,6,21,40,39,36.11303,48.798334,0.083333333,0.30952381,353,102,6,480,123
Serie_A,2017,16,Cagliari,38,11,6,21,33,39,38.27256,57.912604,0,0.275,371,96,6,607,120
Serie_A,2017,17,SPAL 2013,38,8,14,16,39,38,34.6135,60.175331,0,0.30952381,368,102,4,476,115
Serie_A,2017,18,Crotone,38,9,8,21,40,35,33.2399123,59.43262,0.041666667,0.083333333,379,66,2,504,135
Serie_A,2017,19,Verona,38,7,4,27,30,25,33.7632117,72.70962,0,0.25,357,96,6,519,101
Serie_A,2017,20,Benevento,38,6,3,29,33,21,38.209353,77.314788,0.055555556,0.166666667,466,78,7,490,146
Serie_A,2018,1,Juventus,38,28,6,4,70,90,64.52718,35.0320531,0.416666667,0.8,443,76,4,455,227
Serie_A,2018,2,Napoli,38,24,7,7,74,79,68.237943,36.5023365,0.333333333,0.485714286,550,75,5,400,290
Serie_A,2018,3,Atalanta,38,20,9,9,77,69,74.425293,41.849468,0.3,0.534722222,475,61,3,429,254
Serie_A,2018,4,Inter,38,20,9,9,57,69,66.473848,38.401341,0,0.666666667,459,75,3,457,238
Serie_A,2018,5,AC Milan,38,19,11,8,55,68,52.164813,41.701701,0,0.533333333,423,83,5,444,231
Serie_A,2018,6,Roma,38,18,12,8,66,66,68.394175,52.793821,0,0.583333333,459,90,2,453,257
Serie_A,2018,7,Torino,38,16,15,7,52,63,46.471205,48.943205,0.225,0.35,388,90,4,602,202
Serie_A,2018,8,Lazio,38,17,8,13,56,59,61.265079,46.445482,0,0.285714286,440,90,4,495,230
Serie_A,2018,9,Sampdoria,38,15,8,15,60,53,53.194756,54.274882,0,0.35,363,92,3,476,205
Serie_A,2018,10,Bologna,38,11,11,16,48,44,48.100653,51.055622,0.125,0.227272727,378,92,6,506,199
Serie_A,2018,11,Sassuolo,38,9,16,13,53,43,49.754823,61.107331,0,0.118055556,376,87,8,510,184
Serie_A,2018,12,Udinese,38,11,10,17,39,43,42.486283,62.234326,0.055555556,0.243055556,349,92,4,492,159
Serie_A,2018,13,SPAL 2013,38,11,9,18,44,42,43.28407,54.011208,0.142857143,0.238095238,334,113,3,484,161
Serie_A,2018,14,Fiorentina,38,8,17,13,47,41,54.123063,44.0784088,0,0.221428571,415,91,5,542,216
Serie_A,2018,15,Cagliari,38,10,11,17,36,41,40.939495,63.74084,0.125,0.166666667,334,95,9,569,148
Serie_A,2018,17,Genoa,38,8,14,16,39,38,44.5390678,56.354305,0.125,0.1,370,96,7,545,177
Serie_A,2018,18,Empoli,38,10,8,20,51,38,52.061419,63.32738,0.071428571,0.305555556,330,74,3,444,189
Serie_A,2018,19,Frosinone,38,5,10,23,29,25,36.1032521,64.5936685,0,0.083333333,322,102,2,553,143
Serie_A,2018,20,Chievo,38,2,14,22,25,20,36.4763295,62.692868,0,0.118055556,281,109,7,574,136
Ligue_1,2014,1,Paris Saint Germain,38,24,11,3,83,83,78.41993,28.2403641,0.166666667,0.30952381,480,63,3,440,221
Ligue_1,2014,2,Lyon,38,22,9,7,72,75,62.851829,41.708588,0.1,0.553571429,523,64,1,581,219
Ligue_1,2014,3,Monaco,38,20,11,7,51,71,56.608176,37.6187517,0,0.5,451,58,5,506,165
Ligue_1,2014,4,Marseille,38,21,6,11,76,69,60.634,36.4068161,0.125,0.583333333,578,65,6,552,203
Ligue_1,2014,5,Saint-Etienne,38,19,12,7,51,69,46.493418,38.244494,0.166666667,0.465277778,445,66,2,557,152
Ligue_1,2014,6,Bordeaux,38,17,12,9,47,63,48.213256,43.08863,0.1,0.528409091,486,61,5,503,159
Ligue_1,2014,7,Lille,38,16,8,14,43,56,40.917056,44.2154493,0.166666667,0.388888889,461,63,4,462,148
Ligue_1,2014,8,Montpellier,38,16,8,14,46,56,45.3891241,42.454658,0.166666667,0.25,394,51,1,518,142
Ligue_1,2014,9,Rennes,38,13,11,14,35,50,37.443142,38.924864,0.125,0.272222222,360,55,1,482,125
Ligue_1,2014,10,Guingamp,38,15,4,19,41,49,37.8513527,45.120083,0,0.466666667,354,58,7,476,135
Ligue_1,2014,11,Nice,38,13,9,16,44,48,45.1948945,48.00381,0.392857143,0.125,414,84,6,546,139
Ligue_1,2014,12,SC Bastia,38,12,11,15,37,47,30.25339,44.642509,0.071428571,0.306818182,319,76,5,567,119
Ligue_1,2014,13,Caen,38,12,10,16,54,46,41.400288,59.072082,0.1,0.225,459,43,6,447,156
Ligue_1,2014,14,Nantes,38,11,12,15,29,45,36.080293,39.6244705,0,0.272222222,419,70,3,567,135
Ligue_1,2014,15,Reims,38,12,8,18,47,44,43.448785,58.568456,0.0625,0.339285714,436,76,4,544,137
Ligue_1,2014,16,Lorient,38,12,7,19,44,43,41.035511,52.504606,0.142857143,0.205555556,481,54,2,456,173
Ligue_1,2014,17,Toulouse,38,12,6,20,43,42,40.6729322,45.666611,0,0.214285714,428,61,5,578,127
Ligue_1,2014,18,Evian Thonon Gaillard,38,11,4,23,41,37,33.8978481,54.614109,0.045454545,0.305555556,328,66,4,533,102
Ligue_1,2014,19,Metz,38,7,9,22,31,30,37.5191001,48.69199,0,0.166666667,447,71,3,595,149
Ligue_1,2014,20,Lens,38,7,8,23,32,29,38.410737,55.323721,0,0.136363636,407,70,5,552,126
Ligue_1,2015,1,Paris Saint Germain,38,30,6,2,102,96,86.200951,24.3654916,0.25,0.575,564,45,1,395,250
Ligue_1,2015,2,Lyon,38,19,8,11,67,65,63.008171,38.008802,0,0.385714286,554,65,3,511,202
Ligue_1,2015,3,Monaco,38,17,14,7,57,65,58.128595,48.81241,0.142857143,0.464285714,427,84,4,545,169
Ligue_1,2015,4,Nice,38,18,9,11,58,63,45.231322,47.707872,0.166666667,0.333333333,387,66,6,451,161
Ligue_1,2015,5,Lille,38,15,15,8,39,60,41.6936816,35.7947776,0,0.25,475,83,6,575,154
Ligue_1,2015,6,Saint-Etienne,38,17,7,14,42,58,45.463431,44.6584364,0,0.432692308,440,71,5,588,134
Ligue_1,2015,7,Caen,38,16,6,16,39,54,43.900052,49.690841,0,0.520833333,469,52,6,463,175
Ligue_1,2015,8,Rennes,38,13,13,12,52,52,42.905323,47.022605,0,0.467532468,418,67,3,463,154
Ligue_1,2015,9,Angers,38,13,11,14,40,50,36.583386,41.019194,0,0.182539683,397,70,6,521,131
Ligue_1,2015,10,Bordeaux,38,12,14,12,50,50,46.362351,48.668373,0,0.166666667,440,80,7,491,144
Ligue_1,2015,11,SC Bastia,38,14,8,16,36,50,29.5139365,48.357947,0.166666667,0.3,332,82,10,530,110
Ligue_1,2015,12,Montpellier,38,14,7,17,49,49,43.137234,44.332013,0.083333333,0.25,393,64,2,476,144
Ligue_1,2015,13,Nantes,38,12,12,14,33,48,36.402856,42.44177,0,0.298701299,432,79,5,598,134
Ligue_1,2015,14,Marseille,38,10,18,10,48,48,48.888795,42.667824,0,0.166666667,475,71,9,511,181
Ligue_1,2015,15,Lorient,38,11,13,14,47,46,42.311264,52.310991,0.305555556,0,418,63,7,463,153
Ligue_1,2015,16,Guingamp,38,11,11,16,47,44,41.3497343,46.274632,0,0.318181818,399,75,6,508,135
Ligue_1,2015,17,Toulouse,38,9,13,16,45,40,50.33195,39.8018285,0.111111111,0.15,424,71,10,533,158
Ligue_1,2015,18,Reims,38,10,9,19,44,39,42.869502,52.916627,0.055555556,0.229166667,426,80,6,518,159
Ligue_1,2015,19,GFC Ajaccio,38,8,13,17,37,37,32.5213364,45.2573077,0,0.154761905,434,89,6,577,124
Ligue_1,2015,20,Troyes,38,3,9,26,28,18,36.589199,73.283328,0.045454545,0.071428571,448,71,9,434,154
Ligue_1,2016,1,Monaco,38,30,5,3,107,95,76.03698,34.893628,0.166666667,0.75,553,51,3,467,243
Ligue_1,2016,2,Paris Saint Germain,38,27,6,5,83,87,82.162399,24.247968,0,0.55,583,50,3,403,222
Ligue_1,2016,3,Nice,38,22,12,4,63,78,51.536786,50.886751,0.166666667,0.483333333,433,57,4,426,170
Ligue_1,2016,4,Lyon,38,21,4,13,80,67,74.129286,41.027933,0.125,0.267857143,570,61,5,501,207
Ligue_1,2016,5,Marseille,38,17,11,10,57,62,53.828313,47.3250403,0,0.333333333,464,68,1,499,162
Ligue_1,2016,6,Bordeaux,38,15,14,9,53,59,52.021644,44.113432,0.1,0.266666667,451,64,5,442,155
Ligue_1,2016,7,Nantes,38,14,9,15,40,51,42.985593,44.623241,0,0.388888889,456,76,3,530,139
Ligue_1,2016,8,Rennes,38,12,14,12,36,50,41.805557,43.536146,0.055555556,0.430555556,436,56,4,462,147
Ligue_1,2016,9,Saint-Etienne,38,12,14,12,41,50,42.91644,50.261897,0.205357143,0.298611111,401,52,7,483,127
Ligue_1,2016,10,Guingamp,38,14,8,16,46,50,47.1389903,52.3067465,0.055555556,0.395833333,443,57,4,495,165
Ligue_1,2016,11,Lille,38,13,7,18,40,46,44.083999,48.773282,0.1,0.2875,483,59,6,537,152
Ligue_1,2016,12,Angers,38,13,7,18,40,46,46.194389,41.018348,0,0.342857143,527,58,5,435,178
Ligue_1,2016,13,Toulouse,38,10,14,14,37,44,41.187499,42.977212,0.1,0.216666667,380,87,4,564,131
Ligue_1,2016,14,Metz,38,11,10,17,39,43,34.755631,63.6751,0.083333333,0.222222222,357,71,7,514,117
Ligue_1,2016,15,Montpellier,38,10,9,19,48,39,44.199186,52.025671,0.071428571,0.266666667,503,45,5,400,158
Ligue_1,2016,16,Caen,38,10,7,21,36,37,45.2790033,56.465537,0,0.322222222,459,59,2,438,138
Ligue_1,2016,17,Dijon,38,8,13,17,46,37,38.590344,62.661093,0,0.166666667,426,68,6,494,156
Ligue_1,2016,18,Lorient,38,10,6,22,44,36,44.45624,51.877097,0.1,0.444444444,428,67,5,445,146
Ligue_1,2016,19,Nancy,38,9,8,21,29,35,32.5770453,54.448139,0,0.166666667,373,76,5,497,107
Ligue_1,2016,20,SC Bastia,38,8,10,20,29,34,32.2656326,61.0066957,0,0.206293706,383,69,14,457,118
Ligue_1,2017,1,Paris Saint Germain,38,29,6,3,108,93,89.924296,32.0967107,0,0.625,628,67,6,425,255
Ligue_1,2017,2,Monaco,38,24,8,6,85,80,62.411927,45.2712193,0.25,0.583333333,490,71,4,508,182
Ligue_1,2017,3,Lyon,38,23,9,6,87,78,65.268696,37.091301,0.25,0.55,576,71,2,473,233
Ligue_1,2017,4,Marseille,38,22,11,5,80,77,82.197779,41.16942,0,0.607142857,623,81,3,508,232
Ligue_1,2017,5,Rennes,38,16,10,12,50,58,46.97009,49.143352,0.166666667,0.416666667,474,66,5,486,153
Ligue_1,2017,6,Bordeaux,38,16,7,15,53,55,52.557174,41.377483,0,0.145833333,469,74,3,531,156
Ligue_1,2017,7,Saint-Etienne,38,15,10,13,47,55,51.034859,53.263987,0.142857143,0.377777778,421,72,8,510,155
Ligue_1,2017,8,Nice,38,15,9,14,53,54,47.357765,45.89821,0.083333333,0.354166667,483,85,4,443,183
Ligue_1,2017,9,Nantes,38,14,10,14,36,52,39.800202,36.25907,0,0.464285714,499,68,6,490,139
Ligue_1,2017,10,Montpellier,38,11,18,9,36,51,39.808785,37.928823,0,0.292929293,493,72,2,444,158
Ligue_1,2017,11,Dijon,38,13,9,16,55,48,40.025419,62.948365,0.125,0.26984127,445,70,5,490,162
Ligue_1,2017,12,Guingamp,38,12,11,15,48,47,41.8589517,50.512594,0,0.345238095,450,67,2,498,164
Ligue_1,2017,13,Amiens,38,12,9,17,37,45,31.4655405,51.69839,0,0.276785714,359,74,4,503,102
Ligue_1,2017,14,Angers,38,9,14,15,42,41,46.153114,45.1933987,0.055555556,0.205357143,463,71,3,491,156
Ligue_1,2017,15,Lille,38,10,8,20,41,38,36.128315,59.365085,0.041666667,0.222222222,428,60,6,479,142
Ligue_1,2017,16,Caen,38,10,8,20,27,38,41.174308,47.8258968,0,0.237373737,456,68,4,522,128
Ligue_1,2017,17,Strasbourg,38,9,11,18,44,38,43.272438,58.329383,0,0.25,451,71,4,520,136
Ligue_1,2017,18,Toulouse,38,9,10,19,38,37,43.294816,54.4548334,0,0.195454545,434,93,3,587,147
Ligue_1,2017,19,Troyes,38,9,6,23,32,33,37.1285004,52.471608,0,0.277777778,360,76,7,496,123
Ligue_1,2017,20,Metz,38,6,8,24,34,26,36.4005133,71.934359,0.05,0.236111111,428,80,7,531,161
Ligue_1,2018,1,Paris Saint Germain,38,29,4,5,105,91,95.34406,36.7824048,0.125,0.733333333,561,64,4,470,228
Ligue_1,2018,2,Lille,38,22,9,7,68,75,60.006656,39.84753,0,0.5,494,69,4,478,195
Ligue_1,2018,3,Lyon,38,21,9,8,70,72,72.714092,44.7058112,0.222222222,0.666666667,670,57,3,442,252
Ligue_1,2018,4,Saint-Etienne,38,19,9,10,59,66,57.849065,48.8085806,0.625,0.272222222,498,67,7,455,179
Ligue_1,2018,5,Marseille,38,18,7,13,60,61,52.080527,44.589918,0.071428571,0.4375,525,83,8,497,169
Ligue_1,2018,6,Montpellier,38,15,14,9,53,59,46.620677,41.256422,0.125,0.366666667,507,61,4,537,171
Ligue_1,2018,7,Nice,38,15,11,12,30,56,43.449513,49.732516,0,0.388888889,442,73,5,424,131
Ligue_1,2018,8,Reims,38,13,16,9,39,55,37.119521,42.282754,0,0.155555556,405,67,2,530,137
Ligue_1,2018,9,Nimes,38,15,8,15,57,53,48.504984,55.471937,0.071428571,0.410714286,517,70,5,487,180
Ligue_1,2018,10,Rennes,38,13,13,12,55,52,56.05117,46.19415,0,0.277272727,471,70,3,487,162
Ligue_1,2018,11,Strasbourg,38,11,16,11,58,49,40.58874,48.5063415,0.071428571,0.297619048,404,69,4,512,157
Ligue_1,2018,12,Nantes,38,13,9,16,48,48,48.038438,47.296807,0,0.372727273,518,72,5,492,150
Ligue_1,2018,13,Angers,38,10,16,12,44,46,47.496038,46.305282,0,0.2125,451,49,4,446,154
Ligue_1,2018,14,Bordeaux,38,10,11,17,34,41,37.2663785,52.186512,0,0.222222222,424,74,5,537,135
Ligue_1,2018,15,Toulouse,38,8,14,16,35,38,42.727796,56.420711,0.0625,0.1,432,78,5,560,132
Ligue_1,2018,16,Amiens,38,9,11,18,31,38,34.630686,46.755321,0,0.1875,388,62,6,518,118
Ligue_1,2018,17,Monaco,38,8,12,18,38,36,46.4948182,48.762863,0,0.321428571,467,92,7,526,159
Ligue_1,2018,18,Dijon,38,9,7,22,31,34,36.130932,57.612862,0.133928571,0.055555556,447,79,7,571,144
Ligue_1,2018,19,Caen,38,7,12,19,29,33,26.9720973,61.086346,0,0.133333333,338,82,6,561,97
Ligue_1,2018,20,Guingamp,38,5,12,21,28,27,39.4550368,54.9361567,0,0.208333333,416,58,5,485,116
Bundesliga,2014,11,FC Cologne,34,9,13,12,34,40,32.224092,40.519774,,,,,,,
Bundesliga,2015,9,FC Cologne,34,10,13,11,38,43,42.872219,44.428846,,,,,,,
Bundesliga,2016,6,FC Cologne,34,12,13,9,51,49,45.335524,41.274053,,,,,,,
Bundesliga,2017,18,FC Cologne,34,5,7,22,35,22,41.500611,67.169223,,,,,,,
Bundesliga,2018,10,Fortuna Duesseldorf,34,13,5,16,49,44,49.474933,63.06352,,,,,,,
Serie_A,2018,16,Parma Calcio 1913,38,10,11,17,41,41,41.0986435,64.981144,,,,,,,
